{"cameraMode":{"drawMode":0,"name":"Shaded","section":"Shading Mode"},"sceneLighting":false,"audioPlay":false,"sceneViewState":{"m_AlwaysRefresh":false,"showFog":true,"showSkybox":false,"showFlares":true,"showImageEffects":true,"showParticleSystems":true,"showVisualEffectGraphs":true,"m_FxEnabled":true},"in2DMode":false,"pivot":{"x":9.313225746154786e-10,"y":0.02873169630765915,"z":-4.6566128730773929e-9},"rotation":{"x":0.06752004474401474,"y":0.7594907879829407,"z":-0.07953152060508728,"w":0.6422827243804932},"size":0.008722053840756417,"orthographic":false}