{"cameraMode":{"drawMode":0,"name":"Shaded","section":"Shading Mode"},"sceneLighting":false,"audioPlay":false,"sceneViewState":{"m_AlwaysRefresh":false,"showFog":true,"showSkybox":false,"showFlares":true,"showImageEffects":true,"showParticleSystems":true,"showVisualEffectGraphs":true,"m_FxEnabled":true},"in2DMode":false,"pivot":{"x":-0.5879420042037964,"y":3.3282508850097658,"z":101.91836547851563},"rotation":{"x":-0.2341892570257187,"y":-0.40789979696273806,"z":0.10908184200525284,"w":-0.8757228851318359},"size":0.9033426642417908,"orthographic":false}